{"lmdict":
{
	"cup":236.588,"hogshead":238477.4,"barrel":158987.294928,
	"liter":1000,"fluid_ounce":29.5735, "fluid_dram":3.69669,
	"pint":473.176,"teaspoon":4.92892,"tablespoon":14.7868,
	"quart":946.353,"gallon":3785.41
}
}